Borough,Year,FIPS County Code,DCP Borough Code,Census Tract,Population
Brooklyn,2000,47,3,100,5498
Brooklyn,2000,47,3,200,1303
Brooklyn,2000,47,3,301,5036
Brooklyn,2000,47,3,501,3415
Brooklyn,2000,47,3,502,2739
Brooklyn,2000,47,3,700,3682
Brooklyn,2000,47,3,900,2178
Brooklyn,2000,47,3,1100,117
Brooklyn,2000,47,3,1300,2533
Brooklyn,2000,47,3,1500,2726
Brooklyn,2000,47,3,1800,1442
Brooklyn,2000,47,3,2000,1574
Brooklyn,2000,47,3,2100,1134
Brooklyn,2000,47,3,2200,4240
Brooklyn,2000,47,3,2300,4314
Brooklyn,2000,47,3,2901,4300
Brooklyn,2000,47,3,3000,1873
Brooklyn,2000,47,3,3100,2870
Brooklyn,2000,47,3,3300,2348
Brooklyn,2000,47,3,3400,2894
Brooklyn,2000,47,3,3500,1477
Brooklyn,2000,47,3,3600,3940
Brooklyn,2000,47,3,3700,357
Brooklyn,2000,47,3,3800,1607
Brooklyn,2000,47,3,3900,2119
Brooklyn,2000,47,3,4100,3251
Brooklyn,2000,47,3,4300,2942
Brooklyn,2000,47,3,4400,2590
Brooklyn,2000,47,3,4500,3444
Brooklyn,2000,47,3,4600,1217
Brooklyn,2000,47,3,4700,1166
Brooklyn,2000,47,3,4900,2593
Brooklyn,2000,47,3,5000,2401
Brooklyn,2000,47,3,5100,2093
Brooklyn,2000,47,3,5201,1781
Brooklyn,2000,47,3,5202,2453
Brooklyn,2000,47,3,5300,1838
Brooklyn,2000,47,3,5400,3205
Brooklyn,2000,47,3,5601,2515
Brooklyn,2000,47,3,5602,1523
Brooklyn,2000,47,3,5800,3308
Brooklyn,2000,47,3,5900,1099
Brooklyn,2000,47,3,6000,2907
Brooklyn,2000,47,3,6200,3062
Brooklyn,2000,47,3,6300,1821
Brooklyn,2000,47,3,6400,3484
Brooklyn,2000,47,3,6500,5136
Brooklyn,2000,47,3,6600,3631
Brooklyn,2000,47,3,6700,3500
Brooklyn,2000,47,3,6800,4781
Brooklyn,2000,47,3,6900,3340
Brooklyn,2000,47,3,7000,2549
Brooklyn,2000,47,3,7100,4609
Brooklyn,2000,47,3,7200,1858
Brooklyn,2000,47,3,7400,5330
Brooklyn,2000,47,3,7500,4454
Brooklyn,2000,47,3,7600,4440
Brooklyn,2000,47,3,7700,3905
Brooklyn,2000,47,3,7800,5018
Brooklyn,2000,47,3,8000,4360
Brooklyn,2000,47,3,8200,4072
Brooklyn,2000,47,3,8400,3229
Brooklyn,2000,47,3,8500,7278
Brooklyn,2000,47,3,8600,0
Brooklyn,2000,47,3,8800,3410
Brooklyn,2000,47,3,9000,2533
Brooklyn,2000,47,3,9200,5160
Brooklyn,2000,47,3,9400,4855
Brooklyn,2000,47,3,9600,5900
Brooklyn,2000,47,3,9800,6121
Brooklyn,2000,47,3,10000,6271
Brooklyn,2000,47,3,10100,4095
Brooklyn,2000,47,3,10200,4616
Brooklyn,2000,47,3,10400,5530
Brooklyn,2000,47,3,10600,5460
Brooklyn,2000,47,3,10800,4773
Brooklyn,2000,47,3,11000,2017
Brooklyn,2000,47,3,11200,6242
Brooklyn,2000,47,3,11400,4116
Brooklyn,2000,47,3,11600,4259
Brooklyn,2000,47,3,11700,2788
Brooklyn,2000,47,3,11800,2009
Brooklyn,2000,47,3,11900,1555
Brooklyn,2000,47,3,12000,1253
Brooklyn,2000,47,3,12100,1796
Brooklyn,2000,47,3,12200,5045
Brooklyn,2000,47,3,12600,2522
Brooklyn,2000,47,3,12700,3405
Brooklyn,2000,47,3,12801,2006
Brooklyn,2000,47,3,12901,2239
Brooklyn,2000,47,3,12902,2125
Brooklyn,2000,47,3,13000,4733
Brooklyn,2000,47,3,13100,3994
Brooklyn,2000,47,3,13200,2165
Brooklyn,2000,47,3,13300,3667
Brooklyn,2000,47,3,13400,3890
Brooklyn,2000,47,3,13500,2830
Brooklyn,2000,47,3,13600,3924
Brooklyn,2000,47,3,13700,2972
Brooklyn,2000,47,3,13800,3206
Brooklyn,2000,47,3,13900,3832
Brooklyn,2000,47,3,14000,2012
Brooklyn,2000,47,3,14100,2737
Brooklyn,2000,47,3,14200,3238
Brooklyn,2000,47,3,14300,3682
Brooklyn,2000,47,3,14500,4326
Brooklyn,2000,47,3,14700,1980
Brooklyn,2000,47,3,14800,1222
Brooklyn,2000,47,3,14900,4774
Brooklyn,2000,47,3,15000,1564
Brooklyn,2000,47,3,15100,3390
Brooklyn,2000,47,3,15200,2240
Brooklyn,2000,47,3,15300,2955
Brooklyn,2000,47,3,15400,0
Brooklyn,2000,47,3,15500,3312
Brooklyn,2000,47,3,15700,4143
Brooklyn,2000,47,3,15900,5091
Brooklyn,2000,47,3,16000,4246
Brooklyn,2000,47,3,16100,2568
Brooklyn,2000,47,3,16200,1886
Brooklyn,2000,47,3,16300,3175
Brooklyn,2000,47,3,16400,1173
Brooklyn,2000,47,3,16500,4847
Brooklyn,2000,47,3,16600,2042
Brooklyn,2000,47,3,16700,4534
Brooklyn,2000,47,3,16800,1425
Brooklyn,2000,47,3,16900,4800
Brooklyn,2000,47,3,17000,2882
Brooklyn,2000,47,3,17100,3449
Brooklyn,2000,47,3,17200,2892
Brooklyn,2000,47,3,17400,1751
Brooklyn,2000,47,3,17500,28
Brooklyn,2000,47,3,17600,2239
Brooklyn,2000,47,3,17700,11
Brooklyn,2000,47,3,17800,2579
Brooklyn,2000,47,3,17900,3379
Brooklyn,2000,47,3,18000,2803
Brooklyn,2000,47,3,18100,3895
Brooklyn,2000,47,3,18200,3039
Brooklyn,2000,47,3,18300,2502
Brooklyn,2000,47,3,18400,1977
Brooklyn,2000,47,3,18501,4803
Brooklyn,2000,47,3,18600,1848
Brooklyn,2000,47,3,18700,1228
Brooklyn,2000,47,3,18800,2615
Brooklyn,2000,47,3,19000,4595
Brooklyn,2000,47,3,19100,2816
Brooklyn,2000,47,3,19200,2320
Brooklyn,2000,47,3,19300,5214
Brooklyn,2000,47,3,19400,3070
Brooklyn,2000,47,3,19500,3821
Brooklyn,2000,47,3,19600,3849
Brooklyn,2000,47,3,19700,3577
Brooklyn,2000,47,3,19800,1710
Brooklyn,2000,47,3,19900,2946
Brooklyn,2000,47,3,20000,1940
Brooklyn,2000,47,3,20100,3632
Brooklyn,2000,47,3,20200,1758
Brooklyn,2000,47,3,20300,1192
Brooklyn,2000,47,3,20400,1960
Brooklyn,2000,47,3,20500,2444
Brooklyn,2000,47,3,20600,2192
Brooklyn,2000,47,3,20700,4659
Brooklyn,2000,47,3,20800,2657
Brooklyn,2000,47,3,21000,3307
Brooklyn,2000,47,3,21100,1533
Brooklyn,2000,47,3,21200,3638
Brooklyn,2000,47,3,21300,4735
Brooklyn,2000,47,3,21400,1811
Brooklyn,2000,47,3,21500,5617
Brooklyn,2000,47,3,21600,3601
Brooklyn,2000,47,3,21700,3843
Brooklyn,2000,47,3,21800,3785
Brooklyn,2000,47,3,21900,3820
Brooklyn,2000,47,3,22000,4452
Brooklyn,2000,47,3,22100,3928
Brooklyn,2000,47,3,22200,4719
Brooklyn,2000,47,3,22400,4943
Brooklyn,2000,47,3,22600,2544
Brooklyn,2000,47,3,22700,3406
Brooklyn,2000,47,3,22800,3426
Brooklyn,2000,47,3,22900,3153
Brooklyn,2000,47,3,23000,4176
Brooklyn,2000,47,3,23100,2774
Brooklyn,2000,47,3,23200,6059
Brooklyn,2000,47,3,23300,4875
Brooklyn,2000,47,3,23400,4710
Brooklyn,2000,47,3,23500,1953
Brooklyn,2000,47,3,23600,5222
Brooklyn,2000,47,3,23800,4470
Brooklyn,2000,47,3,24000,4634
Brooklyn,2000,47,3,24100,1564
Brooklyn,2000,47,3,24200,2808
Brooklyn,2000,47,3,24300,3954
Brooklyn,2000,47,3,24400,3069
Brooklyn,2000,47,3,24500,3555
Brooklyn,2000,47,3,24600,2911
Brooklyn,2000,47,3,24700,2349
Brooklyn,2000,47,3,24800,2448
Brooklyn,2000,47,3,24900,4240
Brooklyn,2000,47,3,25000,1532
Brooklyn,2000,47,3,25100,3779
Brooklyn,2000,47,3,25200,4654
Brooklyn,2000,47,3,25300,2528
Brooklyn,2000,47,3,25400,3379
Brooklyn,2000,47,3,25500,5077
Brooklyn,2000,47,3,25600,2956
Brooklyn,2000,47,3,25700,2026
Brooklyn,2000,47,3,25800,4329
Brooklyn,2000,47,3,25901,1887
Brooklyn,2000,47,3,25902,3595
Brooklyn,2000,47,3,26000,3463
Brooklyn,2000,47,3,26100,4445
Brooklyn,2000,47,3,26200,2364
Brooklyn,2000,47,3,26300,1877
Brooklyn,2000,47,3,26400,4440
Brooklyn,2000,47,3,26500,3717
Brooklyn,2000,47,3,26600,3399
Brooklyn,2000,47,3,26700,4151
Brooklyn,2000,47,3,26800,4017
Brooklyn,2000,47,3,26900,2809
Brooklyn,2000,47,3,27000,2337
Brooklyn,2000,47,3,27100,2810
Brooklyn,2000,47,3,27200,3449
Brooklyn,2000,47,3,27300,3061
Brooklyn,2000,47,3,27400,2885
Brooklyn,2000,47,3,27500,4171
Brooklyn,2000,47,3,27600,3331
Brooklyn,2000,47,3,27700,4001
Brooklyn,2000,47,3,27800,2758
Brooklyn,2000,47,3,27900,3791
Brooklyn,2000,47,3,28000,1685
Brooklyn,2000,47,3,28100,3579
Brooklyn,2000,47,3,28200,2890
Brooklyn,2000,47,3,28300,3624
Brooklyn,2000,47,3,28400,3826
Brooklyn,2000,47,3,28501,1422
Brooklyn,2000,47,3,28502,2921
Brooklyn,2000,47,3,28600,4984
Brooklyn,2000,47,3,28700,2755
Brooklyn,2000,47,3,28800,3503
Brooklyn,2000,47,3,28900,3432
Brooklyn,2000,47,3,29000,3802
Brooklyn,2000,47,3,29100,2777
Brooklyn,2000,47,3,29200,2442
Brooklyn,2000,47,3,29300,3277
Brooklyn,2000,47,3,29400,2351
Brooklyn,2000,47,3,29500,3745
Brooklyn,2000,47,3,29600,5343
Brooklyn,2000,47,3,29700,3349
Brooklyn,2000,47,3,29800,3355
Brooklyn,2000,47,3,29900,1657
Brooklyn,2000,47,3,30000,3576
Brooklyn,2000,47,3,30100,2650
Brooklyn,2000,47,3,30200,3711
Brooklyn,2000,47,3,30300,3409
Brooklyn,2000,47,3,30400,3966
Brooklyn,2000,47,3,30500,4777
Brooklyn,2000,47,3,30600,1918
Brooklyn,2000,47,3,30700,3734
Brooklyn,2000,47,3,30800,1691
Brooklyn,2000,47,3,30900,1593
Brooklyn,2000,47,3,31100,2650
Brooklyn,2000,47,3,31300,4782
Brooklyn,2000,47,3,31400,4508
Brooklyn,2000,47,3,31500,5371
Brooklyn,2000,47,3,31701,3673
Brooklyn,2000,47,3,31702,3579
Brooklyn,2000,47,3,31900,3850
Brooklyn,2000,47,3,32100,5612
Brooklyn,2000,47,3,32300,3763
Brooklyn,2000,47,3,32500,6641
Brooklyn,2000,47,3,32600,7247
Brooklyn,2000,47,3,32700,3868
Brooklyn,2000,47,3,32800,3304
Brooklyn,2000,47,3,32900,5856
Brooklyn,2000,47,3,33000,5288
Brooklyn,2000,47,3,33100,4725
Brooklyn,2000,47,3,33300,4491
Brooklyn,2000,47,3,33500,3120
Brooklyn,2000,47,3,33600,5159
Brooklyn,2000,47,3,33700,4541
Brooklyn,2000,47,3,33900,4541
Brooklyn,2000,47,3,34000,2511
Brooklyn,2000,47,3,34100,2779
Brooklyn,2000,47,3,34200,7462
Brooklyn,2000,47,3,34300,5434
Brooklyn,2000,47,3,34500,2529
Brooklyn,2000,47,3,34700,3140
Brooklyn,2000,47,3,34800,2029
Brooklyn,2000,47,3,34900,5572
Brooklyn,2000,47,3,35000,3584
Brooklyn,2000,47,3,35100,5052
Brooklyn,2000,47,3,35200,1267
Brooklyn,2000,47,3,35300,5558
Brooklyn,2000,47,3,35400,5622
Brooklyn,2000,47,3,35500,5433
Brooklyn,2000,47,3,35601,2931
Brooklyn,2000,47,3,35602,5233
Brooklyn,2000,47,3,35700,2295
Brooklyn,2000,47,3,35900,5257
Brooklyn,2000,47,3,36001,3475
Brooklyn,2000,47,3,36002,4230
Brooklyn,2000,47,3,36100,2533
Brooklyn,2000,47,3,36200,5084
Brooklyn,2000,47,3,36300,3664
Brooklyn,2000,47,3,36400,2641
Brooklyn,2000,47,3,36501,2349
Brooklyn,2000,47,3,36502,996
Brooklyn,2000,47,3,36600,4449
Brooklyn,2000,47,3,36700,1373
Brooklyn,2000,47,3,36900,4912
Brooklyn,2000,47,3,37000,4062
Brooklyn,2000,47,3,37100,3982
Brooklyn,2000,47,3,37300,4199
Brooklyn,2000,47,3,37401,4384
Brooklyn,2000,47,3,37402,4827
Brooklyn,2000,47,3,37500,2831
Brooklyn,2000,47,3,37700,3827
Brooklyn,2000,47,3,37900,2827
Brooklyn,2000,47,3,38100,4849
Brooklyn,2000,47,3,38200,6161
Brooklyn,2000,47,3,38300,3999
Brooklyn,2000,47,3,38500,3628
Brooklyn,2000,47,3,38600,3377
Brooklyn,2000,47,3,38700,3581
Brooklyn,2000,47,3,38800,3804
Brooklyn,2000,47,3,38900,2287
Brooklyn,2000,47,3,39000,2192
Brooklyn,2000,47,3,39100,1467
Brooklyn,2000,47,3,39200,2789
Brooklyn,2000,47,3,39300,2800
Brooklyn,2000,47,3,39400,2526
Brooklyn,2000,47,3,39500,3636
Brooklyn,2000,47,3,39600,2030
Brooklyn,2000,47,3,39700,3237
Brooklyn,2000,47,3,39800,2391
Brooklyn,2000,47,3,39900,3777
Brooklyn,2000,47,3,40000,2948
Brooklyn,2000,47,3,40100,3157
Brooklyn,2000,47,3,40200,2564
Brooklyn,2000,47,3,40300,2981
Brooklyn,2000,47,3,40400,2109
Brooklyn,2000,47,3,40500,1335
Brooklyn,2000,47,3,40600,3089
Brooklyn,2000,47,3,40700,0
Brooklyn,2000,47,3,40800,2921
Brooklyn,2000,47,3,40900,3507
Brooklyn,2000,47,3,41000,1749
Brooklyn,2000,47,3,41100,2837
Brooklyn,2000,47,3,41200,2708
Brooklyn,2000,47,3,41300,3249
Brooklyn,2000,47,3,41401,1390
Brooklyn,2000,47,3,41402,1918
Brooklyn,2000,47,3,41500,3638
Brooklyn,2000,47,3,41600,2483
Brooklyn,2000,47,3,41700,3197
Brooklyn,2000,47,3,41800,2527
Brooklyn,2000,47,3,41900,3908
Brooklyn,2000,47,3,42000,2256
Brooklyn,2000,47,3,42100,3481
Brooklyn,2000,47,3,42200,3674
Brooklyn,2000,47,3,42300,2634
Brooklyn,2000,47,3,42400,3692
Brooklyn,2000,47,3,42500,2260
Brooklyn,2000,47,3,42600,3823
Brooklyn,2000,47,3,42700,5599
Brooklyn,2000,47,3,42800,3655
Brooklyn,2000,47,3,42900,5829
Brooklyn,2000,47,3,43000,3291
Brooklyn,2000,47,3,43100,5276
Brooklyn,2000,47,3,43200,3860
Brooklyn,2000,47,3,43300,3668
Brooklyn,2000,47,3,43400,3529
Brooklyn,2000,47,3,43500,4494
Brooklyn,2000,47,3,43600,4020
Brooklyn,2000,47,3,43700,5027
Brooklyn,2000,47,3,43800,2674
Brooklyn,2000,47,3,43900,3778
Brooklyn,2000,47,3,44000,2726
Brooklyn,2000,47,3,44100,5630
Brooklyn,2000,47,3,44200,2739
Brooklyn,2000,47,3,44300,5210
Brooklyn,2000,47,3,44400,3201
Brooklyn,2000,47,3,44500,4576
Brooklyn,2000,47,3,44600,1819
Brooklyn,2000,47,3,44700,1883
Brooklyn,2000,47,3,44800,2061
Brooklyn,2000,47,3,44900,3100
Brooklyn,2000,47,3,45000,738
Brooklyn,2000,47,3,45200,2817
Brooklyn,2000,47,3,45300,1616
Brooklyn,2000,47,3,45400,2110
Brooklyn,2000,47,3,45600,2330
Brooklyn,2000,47,3,45800,1513
Brooklyn,2000,47,3,46000,3668
Brooklyn,2000,47,3,46201,2447
Brooklyn,2000,47,3,46202,1490
Brooklyn,2000,47,3,46400,2537
Brooklyn,2000,47,3,46800,982
Brooklyn,2000,47,3,47000,3020
Brooklyn,2000,47,3,47200,2969
Brooklyn,2000,47,3,47400,2983
Brooklyn,2000,47,3,47600,3794
Brooklyn,2000,47,3,47700,2276
Brooklyn,2000,47,3,47800,4916
Brooklyn,2000,47,3,48000,3442
Brooklyn,2000,47,3,48100,2772
Brooklyn,2000,47,3,48200,5310
Brooklyn,2000,47,3,48400,5244
Brooklyn,2000,47,3,48500,1613
Brooklyn,2000,47,3,48600,3576
Brooklyn,2000,47,3,48800,4393
Brooklyn,2000,47,3,48900,4020
Brooklyn,2000,47,3,49000,6153
Brooklyn,2000,47,3,49100,5453
Brooklyn,2000,47,3,49200,3346
Brooklyn,2000,47,3,49300,7681
Brooklyn,2000,47,3,49400,5596
Brooklyn,2000,47,3,49500,2727
Brooklyn,2000,47,3,49600,4560
Brooklyn,2000,47,3,49700,2228
Brooklyn,2000,47,3,49800,4069
Brooklyn,2000,47,3,49900,1649
Brooklyn,2000,47,3,50000,3680
Brooklyn,2000,47,3,50100,2646
Brooklyn,2000,47,3,50202,2150
Brooklyn,2000,47,3,50300,2735
Brooklyn,2000,47,3,50400,4463
Brooklyn,2000,47,3,50500,4211
Brooklyn,2000,47,3,50600,6187
Brooklyn,2000,47,3,50700,728
Brooklyn,2000,47,3,50801,4342
Brooklyn,2000,47,3,50803,2896
Brooklyn,2000,47,3,50804,6646
Brooklyn,2000,47,3,50900,1838
Brooklyn,2000,47,3,51001,3829
Brooklyn,2000,47,3,51002,5444
Brooklyn,2000,47,3,51100,3730
Brooklyn,2000,47,3,51200,6871
Brooklyn,2000,47,3,51300,4362
Brooklyn,2000,47,3,51400,7692
Brooklyn,2000,47,3,51500,877
Brooklyn,2000,47,3,51601,5587
Brooklyn,2000,47,3,51602,4168
Brooklyn,2000,47,3,51700,1514
Brooklyn,2000,47,3,51800,3678
Brooklyn,2000,47,3,51900,3043
Brooklyn,2000,47,3,52000,4399
Brooklyn,2000,47,3,52300,5729
Brooklyn,2000,47,3,52500,3537
Brooklyn,2000,47,3,52600,4515
Brooklyn,2000,47,3,52700,7277
Brooklyn,2000,47,3,52800,2105
Brooklyn,2000,47,3,52900,4295
Brooklyn,2000,47,3,53000,3564
Brooklyn,2000,47,3,53100,2582
Brooklyn,2000,47,3,53200,2757
Brooklyn,2000,47,3,53300,7560
Brooklyn,2000,47,3,53400,4612
Brooklyn,2000,47,3,53500,4880
Brooklyn,2000,47,3,53700,1963
Brooklyn,2000,47,3,53800,4701
Brooklyn,2000,47,3,53900,3476
Brooklyn,2000,47,3,54200,4469
Brooklyn,2000,47,3,54300,38
Brooklyn,2000,47,3,54400,3705
Brooklyn,2000,47,3,54500,8257
Brooklyn,2000,47,3,54600,4571
Brooklyn,2000,47,3,54700,3364
Brooklyn,2000,47,3,54800,2077
Brooklyn,2000,47,3,54900,1488
Brooklyn,2000,47,3,55000,3572
Brooklyn,2000,47,3,55100,4313
Brooklyn,2000,47,3,55200,3489
Brooklyn,2000,47,3,55300,2583
Brooklyn,2000,47,3,55400,4284
Brooklyn,2000,47,3,55500,875
Brooklyn,2000,47,3,55600,3806
Brooklyn,2000,47,3,55700,1168
Brooklyn,2000,47,3,55800,2533
Brooklyn,2000,47,3,56000,3571
Brooklyn,2000,47,3,56100,3728
Brooklyn,2000,47,3,56200,1673
Brooklyn,2000,47,3,56300,4440
Brooklyn,2000,47,3,56400,2442
Brooklyn,2000,47,3,56500,3563
Brooklyn,2000,47,3,56600,2577
Brooklyn,2000,47,3,56800,1343
Brooklyn,2000,47,3,56900,1664
Brooklyn,2000,47,3,57000,3292
Brooklyn,2000,47,3,57100,5083
Brooklyn,2000,47,3,57200,5633
Brooklyn,2000,47,3,57300,2787
Brooklyn,2000,47,3,57400,2626
Brooklyn,2000,47,3,57500,5006
Brooklyn,2000,47,3,57600,2836
Brooklyn,2000,47,3,57800,2988
Brooklyn,2000,47,3,57900,1362
Brooklyn,2000,47,3,58000,3149
Brooklyn,2000,47,3,58200,2999
Brooklyn,2000,47,3,58400,3528
Brooklyn,2000,47,3,58600,2327
Brooklyn,2000,47,3,58800,3473
Brooklyn,2000,47,3,58900,1774
Brooklyn,2000,47,3,59000,1878
Brooklyn,2000,47,3,59100,4277
Brooklyn,2000,47,3,59200,3987
Brooklyn,2000,47,3,59300,2488
Brooklyn,2000,47,3,59401,7875
Brooklyn,2000,47,3,59402,4614
Brooklyn,2000,47,3,59600,2249
Brooklyn,2000,47,3,59800,3310
Brooklyn,2000,47,3,60000,6116
Brooklyn,2000,47,3,60600,2472
Brooklyn,2000,47,3,60800,3725
Brooklyn,2000,47,3,61002,2747
Brooklyn,2000,47,3,61003,1974
Brooklyn,2000,47,3,61004,6582
Brooklyn,2000,47,3,61200,1177
Brooklyn,2000,47,3,61600,1521
Brooklyn,2000,47,3,62000,1759
Brooklyn,2000,47,3,62200,3064
Brooklyn,2000,47,3,62600,2720
Brooklyn,2000,47,3,62800,5509
Brooklyn,2000,47,3,63200,1368
Brooklyn,2000,47,3,63600,1283
Brooklyn,2000,47,3,63800,1507
Brooklyn,2000,47,3,64000,1488
Brooklyn,2000,47,3,64200,2693
Brooklyn,2000,47,3,64400,2299
Brooklyn,2000,47,3,64600,2064
Brooklyn,2000,47,3,64800,1974
Brooklyn,2000,47,3,65000,1425
Brooklyn,2000,47,3,65200,1173
Brooklyn,2000,47,3,65400,1611
Brooklyn,2000,47,3,65600,1826
Brooklyn,2000,47,3,65800,1849
Brooklyn,2000,47,3,66000,1662
Brooklyn,2000,47,3,66200,1366
Brooklyn,2000,47,3,66600,1
Brooklyn,2000,47,3,67000,2364
Brooklyn,2000,47,3,67200,1319
Brooklyn,2000,47,3,67400,2009
Brooklyn,2000,47,3,67600,1738
Brooklyn,2000,47,3,67800,2637
Brooklyn,2000,47,3,68000,1780
Brooklyn,2000,47,3,68200,2238
Brooklyn,2000,47,3,68600,1546
Brooklyn,2000,47,3,68800,1559
Brooklyn,2000,47,3,69000,1773
Brooklyn,2000,47,3,69200,2353
Brooklyn,2000,47,3,69601,3344
Brooklyn,2000,47,3,69602,4583
Brooklyn,2000,47,3,69800,1394
Brooklyn,2000,47,3,70000,1736
Brooklyn,2000,47,3,70201,6502
Brooklyn,2000,47,3,70202,15
Brooklyn,2000,47,3,70203,0
Brooklyn,2000,47,3,70600,2876
Brooklyn,2000,47,3,72000,1643
Brooklyn,2000,47,3,72200,2853
Brooklyn,2000,47,3,72400,1984
Brooklyn,2000,47,3,72600,2535
Brooklyn,2000,47,3,72800,3777
Brooklyn,2000,47,3,73000,2327
Brooklyn,2000,47,3,73200,2345
Brooklyn,2000,47,3,73400,2165
Brooklyn,2000,47,3,73600,3356
Brooklyn,2000,47,3,73800,3306
Brooklyn,2000,47,3,74000,3623
Brooklyn,2000,47,3,74200,3348
Brooklyn,2000,47,3,74400,2349
Brooklyn,2000,47,3,74600,1985
Brooklyn,2000,47,3,74800,2094
Brooklyn,2000,47,3,75000,3148
Brooklyn,2000,47,3,75200,1260
Brooklyn,2000,47,3,75400,1600
Brooklyn,2000,47,3,75600,1974
Brooklyn,2000,47,3,75800,1877
Brooklyn,2000,47,3,76000,2993
Brooklyn,2000,47,3,76200,4671
Brooklyn,2000,47,3,76400,4192
Brooklyn,2000,47,3,76600,2297
Brooklyn,2000,47,3,76800,3601
Brooklyn,2000,47,3,77000,3063
Brooklyn,2000,47,3,77200,3325
Brooklyn,2000,47,3,77400,3121
Brooklyn,2000,47,3,77600,4123
Brooklyn,2000,47,3,78000,2555
Brooklyn,2000,47,3,78200,4320
Brooklyn,2000,47,3,78400,2740
Brooklyn,2000,47,3,78600,4469
Brooklyn,2000,47,3,78800,3775
Brooklyn,2000,47,3,79000,5908
Brooklyn,2000,47,3,79200,3815
Brooklyn,2000,47,3,79400,1932
Brooklyn,2000,47,3,79601,5195
Brooklyn,2000,47,3,79602,5189
Brooklyn,2000,47,3,79801,3579
Brooklyn,2000,47,3,79802,5512
Brooklyn,2000,47,3,80000,3927
Brooklyn,2000,47,3,80200,4817
Brooklyn,2000,47,3,80400,3380
Brooklyn,2000,47,3,80600,2770
Brooklyn,2000,47,3,80800,0
Brooklyn,2000,47,3,81000,2444
Brooklyn,2000,47,3,81400,3080
Brooklyn,2000,47,3,81600,3011
Brooklyn,2000,47,3,81800,5253
Brooklyn,2000,47,3,82000,5392
Brooklyn,2000,47,3,82200,7463
Brooklyn,2000,47,3,82400,4448
Brooklyn,2000,47,3,82600,6051
Brooklyn,2000,47,3,82800,3985
Brooklyn,2000,47,3,83000,6563
Brooklyn,2000,47,3,83200,2563
Brooklyn,2000,47,3,83400,2132
Brooklyn,2000,47,3,83600,2186
Brooklyn,2000,47,3,83800,2521
Brooklyn,2000,47,3,84000,2512
Brooklyn,2000,47,3,84600,2164
Brooklyn,2000,47,3,84800,1792
Brooklyn,2000,47,3,85000,1435
Brooklyn,2000,47,3,85200,0
Brooklyn,2000,47,3,85400,2210
Brooklyn,2000,47,3,85600,3898
Brooklyn,2000,47,3,85800,2443
Brooklyn,2000,47,3,86000,3665
Brooklyn,2000,47,3,86200,3395
Brooklyn,2000,47,3,86400,2134
Brooklyn,2000,47,3,86600,3215
Brooklyn,2000,47,3,86800,3438
Brooklyn,2000,47,3,87000,3216
Brooklyn,2000,47,3,87200,3627
Brooklyn,2000,47,3,87401,3315
Brooklyn,2000,47,3,87600,1707
Brooklyn,2000,47,3,87800,3165
Brooklyn,2000,47,3,88000,2721
Brooklyn,2000,47,3,88200,6761
Brooklyn,2000,47,3,88400,5097
Brooklyn,2000,47,3,88600,4650
Brooklyn,2000,47,3,88800,4124
Brooklyn,2000,47,3,89000,6566
Brooklyn,2000,47,3,89200,4012
Brooklyn,2000,47,3,89400,3664
Brooklyn,2000,47,3,89600,3654
Brooklyn,2000,47,3,89800,1530
Brooklyn,2000,47,3,90000,5520
Brooklyn,2000,47,3,90200,4884
Brooklyn,2000,47,3,90600,4151
Brooklyn,2000,47,3,90800,3376
Brooklyn,2000,47,3,91000,5642
Brooklyn,2000,47,3,91200,7340
Brooklyn,2000,47,3,91600,4238
Brooklyn,2000,47,3,91800,2847
Brooklyn,2000,47,3,92000,2892
Brooklyn,2000,47,3,92200,2865
Brooklyn,2000,47,3,92400,2484
Brooklyn,2000,47,3,92800,2801
Brooklyn,2000,47,3,93000,2775
Brooklyn,2000,47,3,93200,1356
Brooklyn,2000,47,3,93400,2402
Brooklyn,2000,47,3,93600,1876
Brooklyn,2000,47,3,93800,2654
Brooklyn,2000,47,3,94401,3350
Brooklyn,2000,47,3,94402,2826
Brooklyn,2000,47,3,94600,2090
Brooklyn,2000,47,3,95000,3182
Brooklyn,2000,47,3,95400,4742
Brooklyn,2000,47,3,95600,3966
Brooklyn,2000,47,3,95800,3351
Brooklyn,2000,47,3,96000,3
Brooklyn,2000,47,3,96200,1674
Brooklyn,2000,47,3,96400,2161
Brooklyn,2000,47,3,96600,2128
Brooklyn,2000,47,3,96800,1395
Brooklyn,2000,47,3,97000,2078
Brooklyn,2000,47,3,97400,2599
Brooklyn,2000,47,3,98200,4542
Brooklyn,2000,47,3,98400,2066
Brooklyn,2000,47,3,98600,3128
Brooklyn,2000,47,3,98800,3074
Brooklyn,2000,47,3,99000,1531
Brooklyn,2000,47,3,99200,1847
Brooklyn,2000,47,3,99400,1930
Brooklyn,2000,47,3,99600,3875
Brooklyn,2000,47,3,99800,3736
Brooklyn,2000,47,3,100400,2779
Brooklyn,2000,47,3,100600,2581
Brooklyn,2000,47,3,100800,2087
Brooklyn,2000,47,3,101000,2155
Brooklyn,2000,47,3,101200,2016
Brooklyn,2000,47,3,101400,2189
Brooklyn,2000,47,3,101600,1572
Brooklyn,2000,47,3,101800,2020
Brooklyn,2000,47,3,102000,2055
Brooklyn,2000,47,3,102200,2106
Brooklyn,2000,47,3,102400,2044
Brooklyn,2000,47,3,102600,2775
Brooklyn,2000,47,3,102800,1772
Brooklyn,2000,47,3,103400,3899
Brooklyn,2000,47,3,105801,7858
Brooklyn,2000,47,3,105804,6763
Brooklyn,2000,47,3,107000,294
Brooklyn,2000,47,3,107800,4428
Brooklyn,2000,47,3,109800,1488
Brooklyn,2000,47,3,110400,4018
Brooklyn,2000,47,3,110600,4277
Brooklyn,2000,47,3,111000,3508
Brooklyn,2000,47,3,111600,2315
Brooklyn,2000,47,3,111800,2623
Brooklyn,2000,47,3,112000,3142
Brooklyn,2000,47,3,112200,2914
Brooklyn,2000,47,3,112400,3253
Brooklyn,2000,47,3,112600,3626
Brooklyn,2000,47,3,112800,3937
Brooklyn,2000,47,3,113000,3544
Brooklyn,2000,47,3,113200,1387
Brooklyn,2000,47,3,113400,2998
Brooklyn,2000,47,3,114201,1736
Brooklyn,2000,47,3,114202,2508
Brooklyn,2000,47,3,114400,2213
Brooklyn,2000,47,3,114600,3036
Brooklyn,2000,47,3,115000,1763
Brooklyn,2000,47,3,115200,2525
Brooklyn,2000,47,3,115600,4076
Brooklyn,2000,47,3,115800,2929
Brooklyn,2000,47,3,116000,2604
Brooklyn,2000,47,3,116200,2290
Brooklyn,2000,47,3,116400,2766
Brooklyn,2000,47,3,116600,2599
Brooklyn,2000,47,3,116800,1957
Brooklyn,2000,47,3,117000,1837
Brooklyn,2000,47,3,117201,2914
Brooklyn,2000,47,3,117202,4287
Brooklyn,2000,47,3,117400,4268
Brooklyn,2000,47,3,117601,2664
Brooklyn,2000,47,3,117602,3173
Brooklyn,2000,47,3,117800,1715
Brooklyn,2000,47,3,118000,0
Brooklyn,2000,47,3,118201,2902
Brooklyn,2000,47,3,118202,3057
Brooklyn,2000,47,3,118400,5106
Brooklyn,2000,47,3,118600,3133
Brooklyn,2000,47,3,118800,4560
Brooklyn,2000,47,3,119000,1986
Brooklyn,2000,47,3,119200,2400
Brooklyn,2000,47,3,119400,3371
Brooklyn,2000,47,3,119600,4972
Brooklyn,2000,47,3,119800,3190
Brooklyn,2000,47,3,120000,2247
Brooklyn,2000,47,3,120200,1916
Brooklyn,2000,47,3,120800,8483
Brooklyn,2000,47,3,121000,3986
Brooklyn,2000,47,3,121400,4384
Brooklyn,2000,47,3,122000,2555
Brooklyn,2000,47,3,123700,1838
Brooklyn,2000,47,3,150200,2237
Brooklyn,2000,47,3,152200,3407
Brooklyn,2000,47,3,990100,0
